，,44189
。,24817
：,10432
“,9457
”,9392
曰,8876
之,7967
不,6844
 ,5795
人,5185
军,4967
兵,4776
大,4243
一,4068
马,3953
将,3859
来,3320
、,3119
有,2997
下,2865
此,2842
于,2823
操,2818
；,2775
？,2764
中,2763
为,2684
！,2586
见,2573
而,2530
何,2446
出,2390
吾,2374
可,2340
也,2319
德,2278
后,2243
以,2226
明,2217
曹,2144
公,2118
上,2075
今,1969
与,1901
玄,1886
张,1880
去,1865
其,1862
日,1826
令,1819
乃,1795
城,1793
孔,1782
回,1748
自,1748
二,1731
引,1707
言,1686
如,1678
在,1664
入,1640
是,1634
相,1609
得,1591
无,1512
杀,1511
三,1469
说,1459
先,1456
了,1452
主,1442
我,1432
前,1427
至,1422
到,1415
关,1410
知,1395
子,1395
天,1356
皆,1347
十,1340
事,1319
必,1246
汝,1242
时,1237
魏,1235
当,1221
又,1207
山,1203
只,1200
刘,1196
已,1195
若,1178
云,1172
报,1168
却,1151
众,1150
欲,1143
正,1119
战,1112
使,1111
寨,1108
王,1103
路,1093
孙,1090
长,1071
州,1052
遂,1050
安,1047
问,1039
心,1038
取,1014
起,1011
死,1010
然,1001
者,981
行,978
吴,963
守,962
计,956
矣,947
等,942
便,918
命,911
书,908
分,907
从,902
士,896
未,891
布,888
诸,885
蜀,867
侯,835
权,831
东,828
飞,822
急,822
面,820
进,819
南,810
闻,806
臣,798
走,797
数,791
能,791
四,786
百,784
忽,771
即,770
两,764
都,761
所,760
往,760
五,756
江,755
备,753
望,752
退,743
平,737
门,731
地,731
汉,726
万,726
故,720
太,707
小,706
方,701
处,695
文,694
生,694
司,691
降,687
用,682
水,679
各,672
敢,659
尽,657
声,651
西,651
黄,641
惊,638
余,634
手,633
议,630
夜,628
维,625
听,619
败,618
请,617
亦,616
被,612
国,610
吕,608
懿,606
且,599
帝,596
住,596
喜,594
贼,592
左,587
领,585
怒,581
内,576
许,572
丞,568
忠,568
道,566
名,564
待,563
瑜,563
官,563
夫,562
徐,561
非,559
袁,557
教,556
应,554
伏,552
武,550
看,549
身,548
立,547
成,547
多,547
同,544
救,541
意,540
阵,533
阳,533
周,531
夏,525
某,523
过,520
火,520
千,520
右,519
绍,518
策,518
拜,517
敌,517
定,515
年,514
斩,512
合,511
里,503
家,503
赶,498
作,497
师,497
荆,496
笑,494
口,490
攻,483
会,482
并,480
粮,479
刀,478
高,478
因,477
次,475
头,471
延,468
迎,468
外,458
亲,457
北,454
追,454
君,451
间,449
赵,444
表,441
谋,440
胜,437
船,437
车,435
乎,434
势,433
投,428
毕,426
陈,426
甚,425
归,423
恐,423
李,422
谓,421
早,419
耳,418
告,417
重,416
愿,416
遣,414
营,412
弟,410
昭,409
接,407
发,405
放,405
虽,405
视,404
他,404
随,403
受,403
首,401
及,400
父,399
直,396
肃,394
失,394
连,392
休,390
再,389
兴,389
则,387
乘,385
尚,385
奏,384
兄,384
旗,382
复,380
功,379
艾,379
骑,377
足,375
原,375
商,371
奉,369
帐,368
坐,368
边,365
义,364
更,363
老,362
破,361
酒,361
郡,360
葛,360
封,359
乱,357
力,357
本,356
奔,356
久,356
就,356
反,352
要,350
箭,350
龙,350
开,349
唤,347
礼,345
疑,345
超,344
卓,344
姜,343
孟,343
朝,342
动,341
董,340
宫,340
解,340
民,338
既,338
岂,338
邓,336
收,336
部,335
剑,334
杨,332
统,330
图,328
金,325
留,325
姓,324
齐,322
擒,322
风,319
获,319
法,319
屯,317
彼,316
真,316
督,314
字,314
亮,310
近,310
交,310
才,309
背,309
耶,307
郭,307
难,305
韩,303
叫,303
仁,302
枪,302
径,301
观,298
送,297
皇,297
弃,292
远,291
川,291
着,291
须,288
带,288
月,288
哭,288
良,288
但,286
围,284
锋,281
密,281
还,276
罪,275
八,275
草,272
辞,271
你,267
射,265
叹,264
信,263
气,262
献,262
提,262
个,261
传,260
把,259
诏,259
河,258
少,258
思,258
鲁,258
差,257
白,256
坚,254
鼓,254
半,254
好,253
号,252
饮,252
常,251
流,251
打,251
那,250
探,250
郃,249
实,248
轻,248
勿,247
共,246
肯,245
服,245
害,245
雄,244
冲,244
谷,243
庞,242
谢,241
宜,240
第,239
深,237
求,237
病,237
纵,235
陛,235
别,234
虎,233
答,232
诗,232
辽,232
任,232
暗,231
乐,231
喊,231
决,230
容,229
向,228
助,227
设,225
允,224
举,223
止,223
七,222
夺,222
奈,222
宁,222
衣,222
叔,221
世,220
贤,220
甲,220
付,219
孤,218
虚,217
保,217
谁,217
神,217
断,216
召,216
指,214
元,214
幸,213
史,213
土,212
征,212
蒙,211
星,211
全,211
居,211
达,210
侍,210
母,209
恩,209
翼,208
程,208
承,208
卿,207
食,207
骂,207
对,206
威,206
恨,204
散,202
称,202
渡,202
顾,201
震,201
慌,199
目,199
陆,197
陵,196
落,196
聚,195
色,195
朕,195
曾,195
新,194
谏,194
击,193
的,193
晃,192
六,192
约,191
伐,191
勇,191
速,191
驾,190
特,190
府,190
昔,190
氏,190
刺,189
建,189
岱,189
遇,189
石,187
璋,185
丕,185
料,184
喝,184
拨,184
忧,183
渊,183
果,183
干,183
叱,183
亡,183
临,182
精,182
和,181
细,181
危,181
术,180
逃,180
女,180
赏,180
逊,180
诈,179
赐,179
弓,178
蛮,178
青,178
祖,176
步,176
推,176
桥,176
结,175
寻,175
袭,175
英,175
否,175
物,175
队,175
离,174
蔡,174
绝,174
班,173
甘,172
盖,172
光,172
依,171
襄,171
严,171
倒,170
登,169
堂,169
泰,168
九,168
淮,168
顺,168
善,168
加,167
俱,167
牛,167
负,165
宴,165
突,165
木,165
匹,164
息,164
角,164
变,164
惧,164
盛,163
旧,163
仇,162
理,162
惇,161
苞,161
禁,161
执,161
松,161
华,160
慈,160
赴,159
典,159
情,159
祁,159
拒,159
劳,159
罢,158
位,157
霸,155
造,154
招,154
褚,154
洪,154
颜,154
挺,154
劝,154
劫,153
宗,153
妻,152
岸,152
群,152
修,152
驱,152
敬,151
睿,151
异,150
县,149
厚,149
伤,149
忙,149
持,148
室,148
儿,148
化,148
满,148
雍,147
护,147
殿,146
灵,146
亭,145
致,145
瑾,144
利,144
灭,144
通,143
仪,143
业,143
初,143
莫,142
斗,142
语,142
尉,142
郎,140
晚,140
这,140
讨,140
怀,139
朱,139
御,138
倘,138
拔,138
野,137
空,137
勒,136
济,136
傕,136
折,135
汜,134
险,134
性,134
困,134
争,133
讫,133
候,133
卒,132
机,132
终,132
扶,132
乾,132
准,132
贾,131
卧,131
具,130
惟,130
丁,130
樊,129
独,129
蒋,129
傅,129
吉,129
极,128
想,128
除,127
比,127
志,127
掩,127
彪,126
强,126
春,126
托,125
血,124
洛,123
响,123
糜,123
逆,123
截,123
丈,122
识,122
诛,122
幼,122
林,122
犹,122
器,122
横,122
祭,122
袍,122
洞,121
调,121
烧,121
捉,121
哨,121
点,121
每,120
哉,120
祸,119
宝,119
治,119
赍,119
拥,118
戟,118
丧,118
泣,118
脱,117
呼,117
奋,116
仗,116
腹,116
田,116
镇,116
砍,115
冀,115
玉,115
缚,115
切,115
论,115
纪,114
整,114
感,114
席,114
免,113
范,113
转,113
昌,113
铁,113
普,112
据,112
抵,112
庶,112
奸,112
防,112
古,111
伯,111
雨,111
仓,111
升,111
海,111
荀,110
迟,109
骤,109
綝,109
现,109
略,108
遍,108
遗,108
桓,108
誓,108
—,108
徒,107
列,107
融,107
犯,107
钟,106
几,105
谭,105
运,105
益,105
披,104
孝,104
痛,104
瑁,103
校,103
凉,103
虑,103
吏,102
埋,102
廷,102
素,102
误,102
奇,102
载,102
节,101
肉,101
员,101
易,101
苦,101
瓒,100
废,100
智,100
纳,100
腾,100
芳,99
按,99
泪,99
阁,99
级,99
览,98
番,98
豫,98
患,98
条,98
尝,98
赤,98
或,97
皓,97
红,97
绣,96
仲,95
辅,95
经,95
爽,95
舍,95
催,95
乡,95
仰,94
锦,94
忍,94
攸,94
竟,94
写,94
施,94
歇,93
双,93
顿,93
秋,93
率,93
挂,92
赞,92
岁,92
韦,92
避,92
昏,92
专,92
廖,92
管,91
鸣,91
夹,91
隐,91
台,91
话,90
梁,90
卫,90
搦,90
广,89
乞,89
妾,89
寿,89
辱,89
画,89
诩,89
舟,88
参,88
炮,88
欺,88
扬,87
越,87
葬,87
骨,87
枝,87
福,87
祎,87
沛,86
芝,86
童,86
度,86
阻,86
晋,86
呈,86
歆,85
暂,85
妙,85
养,85
单,85
厮,85
借,85
阴,85
割,85
印,85
贵,84
羌,84
掌,84
秦,83
雷,83
遥,83
眼,83
鞭,83
谦,83
充,83
费,83
怨,83
景,82
翻,82
凤,82
尸,82
客,82
跃,82
期,82
儒,82
楼,82
巾,81
消,81
学,81
弩,81
族,81
让,81
责,81
申,81
嘉,81
阿,80
累,80
预,80
傍,79
朗,79
丰,79
念,79
似,79
抚,78
拦,78
诚,78
嫂,78
逢,77
胆,77
琦,77
体,77
副,77
集,77
彧,76
拍,76
改,76
配,76
隘,76
置,76
植,76
疾,75
效,75
尺,75
衡,75
贺,75
境,75
醉,75
圣,74
竺,74
索,74
挥,74
总,74
覆,73
瓘,73
清,73
兼,73
拆,73
辂,73
授,73
尊,73
己,73
微,73
池,73
斧,73
辈,72
撞,72
蝉,72
钦,72
弱,72
排,72
焉,72
壮,72
妄,72
梦,71
藏,71
泽,71
爱,71
乌,71
由,71
爵,71
》,70
沙,70
穿,70
锐,70
恶,70
树,70
旌,70
私,70
《,70
恪,70
泉,69
遵,69
郑,69
侄,69
雪,69
宠,69
戈,69
宣,69
胡,69
渭,69
旨,69
代,69
移,68
觉,68
陶,68
寇,68
柴,68
壁,68
审,68
选,68
拾,68
.,67
界,67
紧,67
楙,67
丑,67
寸,67
党,67
铜,67
’,66
坡,66
惜,66
舞,66
职,66
遭,66
渐,66
扎,66
峻,66
狱,66
丹,66
昨,66
禅,66
坛,66
筑,65
药,65
巡,65
猛,65
忘,65
烈,65
座,64
愚,64
阶,64
量,64
斜,64
馆,64
哀,64
叙,64
谡,64
存,64
固,63
抱,63
温,63
陇,63
旦,63
哥,62
美,62
永,62
厉,62
况,62
基,61
社,61
端,61
貂,61
静,61
算,61
残,61
政,61
嘱,61
‘,60
炎,60
逼,60
嶷,60
杜,60
试,60
凌,60
庄,60
乏,60
香,60
悔,60
宽,59
嵩,59
克,59
继,59
玺,59
制,59
巴,59
园,59
庙,59
尔,58
务,58
羽,58
戮,58
缓,58
愈,58
慢,58
读,58
侧,58
髦,58
牙,58
环,57
违,57
鬼,56
最,56
泄,56
监,56
昱,56
狂,56
妇,56
繇,56
塞,56
停,56
荐,56
阜,56
拿,56
假,55
诱,55
臂,55
章,55
花,55
虞,55
黑,55
羊,55
颇,55
垂,55
活,55
闭,55
盟,55
熟,55
混,55
吊,54
状,54
陷,54
偏,54
辛,54
医,54
纷,54
迁,54
驰,54
适,54
示,54
吞,54
荣,54
显,54
习,54
系,53
诞,53
稷,53
牧,53
街,53
瞒,53
属,53
w,53
毛,53
诺,53
续,53
积,53
凡,52
凶,52
竹,52
谨,52
谕,52
慰,52
押,52
臾,52
圆,52
援,51
疏,51
凭,51
荡,51
歌,51
晓,51
窃,51
篡,51
侵,50
尾,50
薄,50
昂,50
闿,50
形,50
绶,50
兖,50
户,50
琮,50
象,50
焚,50
灯,50
竖,50
禄,50
钱,50
牵,50
闲,50
岭,50
快,50
冠,49
跟,49
矢,49
宾,49
尹,49
潘,49
蛇,49
曲,49
栅,49
毒,49
c,49
省,49
倾,49
矛,49
耀,48
沉,48
掷,48
轮,48
戴,48
檄,48
佗,48
装,48
附,48
屈,48
雒,48
始,48
市,48
仍,48
崔,47
鞍,47
穷,47
富,47
籍,47
僚,47
帅,47
囊,47
简,47
怜,47
烟,47
寒,46
舅,46
脚,46
淝,46
麦,46
康,46
烦,46
丘,46
赖,46
京,46
摆,46
溪,46
恰,46
晔,46
禀,46
欣,46
场,45
齿,45
占,45
宿,45
诉,45
夕,45
掘,45
暴,45
俭,45
儁,45
疮,45
床,45
尘,45
郝,45
露,45
值,45
翔,44
悬,44
珠,44
辆,44
完,44
束,44
优,44
换,44
米,44
戏,44
筵,44
怎,44
察,44
兰,44
房,44
笔,44
杯,43
杂,43
坠,43
赚,43
寡,43
顷,43
宋,43
质,43
萌,43
庆,43
兆,43
措,43
迷,43
谈,42
伊,42
绕,42
聘,42
驿,42
银,42
隔,42
珪,42
途,42
兮,42
历,42
弘,41
畏,41
段,41
资,41
绪,41
呐,41
燕,41
祥,41
宇,41
惶,41
羞,41
短,41
彝,41
靖,41
麾,41
掣,41
佐,41
惑,41
练,41
抗,40
崩,40
倍,40
抄,40
鹿,40
佯,40
冒,40
屏,40
闪,40
损,40
项,40
杰,40
乔,40
轩,40
帛,40
择,40
怕,40
堪,39
浮,39
盔,39
屡,39
巢,39
邀,39
浩,39
涕,39
沿,39
ｗ,39
掠,39
刚,39
甫,39
泸,39
低,39
髯,39
怪,39
鱼,38
搭,38
僻,38
裂,38
钧,38
摇,38
坑,38
瞻,38
涪,38
跪,38
苏,38
博,38
荒,38
游,38
鼠,38
伍,38
泠,38
卷,37
记,37
邺,37
谯,37
兔,37
睡,37
窜,37
犬,37
堆,37
恢,37
遮,37
做,37
卜,37
吟,37
默,37
根,37
镜,37
友,36
音,36
恃,36
扯,36
袖,36
饭,36
剿,36
忌,36
楚,36
觑,36
抢,36
豪,36
熙,36
锁,36
簇,36
彰,36
魂,36
油,36
貌,36
聪,36
潜,35
嗣,35
搬,35
擂,35
狼,35
毁,35
诡,35
拈,35
撤,35
冬,35
胤,35
毗,35
词,35
插,35
漏,35
豹,35
嗟,35
财,35
波,35
般,34
忿,34
院,34
幽,34
胄,34
闷,34
浅,34
妹,34
舌,34
寝,34
胸,34
佥,34
悦,34
宅,34
坞,34
醒,34
卢,33
跳,33
符,33
宪,33
访,33
猎,33
男,33
雾,33
洮,33
叩,33
绵,33
际,33
桑,33
捷,33
盘,33
倚,33
踏,33
挑,33
琰,33
邳,33
认,33
疲,33
释,33
庸,32
偷,32
恭,32
铠,32
琬,32
酣,32
些,32
委,32
缺,32
垒,32
照,32
桃,32
碎,32
湖,32
隆,32
盗,32
怏,32
绰,32
冯,32
竭,32
秀,32
给,32
昼,32
飘,32
午,32
匡,31
冷,31
惭,31
壕,31
零,31
咨,31
(,31
稍,31
式,31
滚,31
鼎,31
种,31
旱,31
悟,31
琼,31
暹,31
片,31
毋,31
邈,31
妃,31
),31
耿,31
扫,30
庐,30
逐,30
沮,30
谅,30
涂,30
错,30
恋,30
触,30
榻,30
佩,30
祜,30
疆,30
均,30
璝,30
恕,30
践,29
簿,29
钺,29
展,29
拖,29
透,29
吐,29
刻,29
刑,29
薛,29
漫,29
季,29
苍,29
赦,29
添,29
艺,29
皂,29
旷,29
欢,29
殷,29
眉,29
嫁,29
蒯,28
茅,28
弦,28
焦,28
屋,28
筏,28
妖,28
宰,28
款,28
濡,28
荼,28
捧,28
庭,28
吹,27
区,27
怠,27
弑,27
怯,27
著,27
扮,27
堕,27
旬,27
鹤,27
稠,27
垓,27
黎,27
挟,27
限,27
激,27
演,27
虔,27
卖,27
携,27
含,27
雀,27
凯,27
替,27
脑,27
舒,27
祀,27
芦,27
没,27
赠,27
茂,26
盏,26
愁,26
稽,26
巨,26
沟,26
勋,26
顶,26
仙,26
柳,26
瓦,26
鸡,26
幡,26
兀,26
辔,26
祝,26
坂,26
耻,26
凛,26
农,26
紫,26
婿,26
村,26
涉,25
械,25
偶,25
宦,25
擅,25
枭,25
勤,25
协,25
悲,25
褒,25
搜,25
唐,25
郿,25
悌,25
吃,25
惠,25
井,25
囚,25
辩,25
皮,25
享,25
戒,25
咬,25
鸯,25
迤,25
柩,25
创,25
样,25
楷,25
贡,25
裹,25
罗,25
讲,24
濮,24
绩,24
榜,24
箕,24
买,24
阚,24
刎,24
末,24
辰,24
葭,24
阔,24
饶,24
婢,24
腰,24
颍,24
悉,24
墓,24
邕,24
雅,24
狭,24
遁,24
输,24
宛,24
晌,24
伦,24
牢,24
懦,24
愧,24
央,24
慨,24
冈,24
测,24
津,24
苗,23
导,23
骁,23
邮,23
贱,23
宓,23
躯,23
淳,23
溃,23
窥,23
鲍,23
饱,23
粉,23
厅,23
互,23
勃,23
压,23
刃,23
睁,23
逦,23
弄,23
拽,23
彭,23
寄,23
纶,23
衰,22
俊,22
潼,22
辟,22
库,22
叶,22
挫,22
辇,22
恙,22
杖,22
扇,22
邑,22
噪,22
兽,22
奎,22
寺,22
绢,22
喧,22
辕,22
浪,22
挡,22
启,22
阙,22
慎,22
旋,22
稳,22
辄,22
迹,22
采,22
叛,22
孚,22
奂,22
唇,22
办,22
棺,22
羕,21
牌,21
拂,21
妨,21
肝,21
喏,21
支,21
栈,21
句,21
霍,21
雏,21
韶,21
巧,21
仆,21
彤,21
工,21
邽,21
履,21
逞,21
汗,21
骇,21
恤,21
罚,21
填,21
焰,21
琊,21
耽,21
墙,21
鲂,21
卞,21
恼,21
勉,21
涌,21
逵,21
惯,20
裴,20
卸,20
犒,20
卑,20
舆,20
躬,20
濬,20
湿,20
柏,20
斤,20
秉,20
包,20
偃,20
谒,20
愤,20
纯,20
伺,20
龚,20
辎,20
染,20
祢,20
慕,20
姑,19
绿,19
循,19
幕,19
案,19
担,19
朵,19
雕,19
邦,19
卦,19
供,19
纸,19
蜜,19
谗,19
净,19
琅,19
烂,19
藤,19
搠,19
增,19
纲,19
挽,19
敕,19
谥,19
阆,19
跌,19
件,19
堑,18
碧,18
么,18
拘,18
钢,18
硕,18
枉,18
骠,18
桂,18
毫,18
忻,18
贪,18
夸,18
俗,18
馥,18
贬,18
鸟,18
麴,18
翊,18
茶,18
酌,18
帜,18
缘,18
臧,18
ｃ,18
萧,18
酬,17
贞,17
伟,17
晏,17
驻,17
暮,17
捐,17
佳,17
振,17
笼,17
彦,17
畿,17
舜,17
训,17
禹,17
抛,17
膝,17
荷,17
贫,17
梯,17
焕,17
斛,17
筹,17
咽,17
股,17
握,17
绳,17
详,17
隙,17
邰,17
x,17
y,17
影,17
僭,17
渴,17
瑞,17
顗,17
g,17
泥,17
郦,17
祚,17
剩,17
沈,16
咸,16
旅,16
灌,16
榇,16
畔,16
躇,16
逸,16
拱,16
墨,16
岑,16
鼻,16
扰,16
另,16
毅,16
苟,16
邪,16
狗,16
跨,16
滨,16
廉,16
裨,16
鹰,16
鲜,16
涧,16
矫,16
棋,16
朔,16
饥,16
徽,16
坟,16
摩,16
汤,16
讶,16
痊,16
欠,16
踌,16
骄,16
题,16
趋,16
婚,16
耕,16
蔽,16
递,15
漳,15
厥,15
邹,15
眷,15
丛,15
唾,15
裁,15
奢,15
酋,15
促,15
嘶,15
猪,15
沓,15
【,15
棹,15
篇,15
额,15
棒,15
宵,15
浑,15
妆,15
韬,15
抹,15
烛,15
?,15
亥,15
匆,15
傲,15
琴,15
谌,15
愕,15
艰,15
祈,15
摄,14
冢,14
斯,14
赋,14
雌,14
氅,14
庵,14
绑,14
述,14
】,14
檀,14
较,14
斟,14
衙,14
觅,14
巍,14
柱,14
掳,14
肋,14
伪,14
派,14
喃,14
鏖,14
劭,14
补,14
穆,14
灶,14
颈,14
禳,14
ｇ,14
唯,14
掎,14
帆,14
銮,14
敷,14
穴,14
谣,14
柔,14
颗,14
ｙ,14
皖,14
ｘ,14
纮,14
迸,14
坦,14
削,14
秘,14
娘,14
虐,14
枯,13
伴,13
渎,13
阎,13
匠,13
玠,13
碍,13
旁,13
竿,13
攀,13
戚,13
卤,13
麻,13
襟,13
蹄,13
苇,13
俯,13
热,13
役,13
琪,13
贯,13
祷,13
趁,13
孺,13
们,13
淫,13
努,13
匿,13
评,13
躁,13
迫,13
凿,13
沔,13
锤,13
剖,13
仕,13
洒,13
亏,13
跣,13
芒,13
锡,13
漠,13
揪,13
尖,13
叟,13
纂,13
渠,13
赢,13
熊,13
诣,13
录,12
僧,12
底,12
躲,12
浊,12
缨,12
册,12
旄,12
峪,12
趱,12
诵,12
蹇,12
类,12
像,12
匣,12
饿,12
膺,12
验,12
郤,12
擞,12
碌,12
栗,12
娶,12
艟,12
爪,12
警,12
驸,12
健,12
窝,12
鄂,12
槽,12
懈,12
踞,12
涿,12
骆,12
恍,12
驴,12
鄙,12
络,12
踪,12
架,12
戎,12
喉,12
袋,12
枕,12
淹,12
钉,12
桶,12
猇,12
遏,12
鉴,12
肩,12
叉,12
艨,12
掾,12
忖,12
例,12
笃,12
鸿,11
飐,11
岩,11
坏,11
霎,11
伞,11
佞,11
妒,11
抖,11
迈,11
寐,11
铺,11
殊,11
磨,11
葫,11
罕,11
阉,11
帽,11
碑,11
尧,11
帻,11
网,11
敞,11
栖,11
渚,11
倦,11
诬,11
狐,11
夷,11
盒,11
羡,11
洗,11
爬,11
贮,11
瘴,11
廊,11
甄,11
缉,11
炭,11
辨,11
谐,11
沐,11
狄,11
惹,11
衔,11
睦,11
雁,11
杠,11
斌,11
莽,11
梅,11
腐,11
帘,11
盈,11
伸,11
朽,11
撑,11
恣,11
翁,11
介,11
疼,11
品,11
线,10
诲,10
罔,10
锣,10
禽,10
臭,10
标,10
殆,10
邢,10
鸩,10
悠,10
泛,10
睛,10
樵,10
贲,10
槊,10
播,10
惚,10
绦,10
崎,10
钓,10
俟,10
晴,10
检,10
嫌,10
奠,10
谄,10
遽,10
暇,10
骏,10
靠,10
猖,10
秣,10
赂,10
懊,10
渔,10
滕,10
厄,10
旺,10
圃,10
贿,10
啖,10
浴,10
块,10
僮,10
茫,10
辑,10
唬,10
刮,10
叠,10
崇,10
朋,10
粲,10
琳,10
腑,10
俺,10
涣,10
劲,10
板,10
稀,10
晨,10
薪,10
恸,10
敦,10
徙,10
卵,10
巫,10
证,10
岖,10
污,10
宙,10
歹,10
邵,10
绊,9
枚,9
抬,9
契,9
频,9
咎,9
柄,9
辉,9
W,9
揖,9
彩,9
睹,9
谊,9
垣,9
掀,9
粪,9
龄,9
仔,9
踊,9
瑶,9
蝗,9
团,9
悄,9
誉,9
暖,9
隶,9
颠,9
饰,9
齑,9
喘,9
俄,9
侮,9
（,9
淄,9
靓,9
毡,9
缢,9
祠,9
拴,9
灾,9
挞,9
堤,9
玩,9
杆,9
飏,9
敝,9
夤,9
）,9
聊,9
驹,9
酿,9
材,9
肠,9
郁,9
猿,9
枣,9
婆,9
慷,9
缝,9
羲,9
丽,9
裔,9
扣,9
饵,9
泼,9
:,9
奴,9
骘,9
肺,9
批,9
耐,9
颀,9
妫,9
溺,9
硬,9
煮,9
婴,9
逝,9
模,9
呵,9
减,9
捕,9
裸,9
桌,9
柑,9
栏,9
璜,9
盆,9
层,9
郊,9
甥,9
瘤,8
骧,8
幔,8
峨,8
蕃,8
呜,8
蓄,8
簪,8
鸦,8
蜂,8
札,8
综,8
赛,8
劣,8
蚁,8
悚,8
痴,8
彻,8
垕,8
邻,8
椁,8
弥,8
鹏,8
钩,8
谮,8
壶,8
殁,8
莱,8
塌,8
革,8
窄,8
究,8
丙,8
烽,8
殄,8
柜,8
谬,8
4,8
泗,8
殃,8
瘦,8
俞,8
粟,8
磐,8
剁,8
敏,8
粗,8
荥,8
枷,8
皎,8
映,8
疗,8
哂,8
竞,8
鹄,8
岘,8
鄱,8
味,8
砖,8
…,8
凰,8
衷,8
畴,8
豺,8
软,8
扑,8
募,8
该,8
障,8
丢,8
版,8
联,8
劈,8
摧,8
闹,7
麟,7
怖,7
槛,7
柯,7
轴,7
厌,7
媒,7
,,7
锥,7
芥,7
．,7
贴,7
顒,7
浆,7
凹,7
耒,7
涛,7
剥,7
陋,7
讳,7
谲,7
寓,7
汲,7
姿,7
序,7
0,7
溅,7
冻,7
谙,7
菜,7
骋,7
脉,7
2,7
嗔,7
屠,7
棘,7
膳,7
哑,7
峡,7
郗,7
撇,7
瞑,7
釭,7
罡,7
啼,7
箸,7
歃,7
规,7
藜,7
岳,7
拷,7
殒,7
霄,7
鹊,7
浓,7
返,7
弈,7
赎,7
寰,7
虹,7
梓,7
隗,7
产,7
陂,7
霖,7
缄,7
泊,7
姊,7
肥,7
嫉,7
窗,7
栋,7
沸,7
灿,7
凝,7
夭,7
魁,7
懒,7
励,7
兜,7
曩,7
潸,7
颂,7
衍,7
诠,7
店,7
擐,7
惨,7
炉,7
沂,7
魄,7
呆,7
潮,7
暑,7
巩,6
揭,6
厢,6
汹,6
谞,6
胁,6
罩,6
壑,6
啸,6
梆,6
珍,6
摘,6
罾,6
耗,6
仿,6
渤,6
煌,6
诰,6
廙,6
帼,6
轸,6
兹,6
弼,6
豆,6
绽,6
丝,6
贝,6
蹋,6
孩,6
夔,6
喷,6
蛟,6
衫,6
肱,6
譬,6
肆,6
鄄,6
概,6
弹,6
扭,6
呕,6
潭,6
暨,6
盼,6
拟,6
蹈,6
敛,6
冤,6
姻,6
冕,6
拳,6
纠,6
颤,6
骸,6
袅,6
律,6
嵌,6
倅,6
铃,6
虏,6
滔,6
涓,6
巳,6
涨,6
樽,6
沾,6
奖,6
畅,6
埃,6
蕤,6
轨,6
糊,6
织,6
跑,6
枢,6
润,6
滋,6
绥,6
莹,6
拣,6
喂,6
忆,6
佑,6
需,6
墵,6
骞,6
狮,6
梢,6
砀,6
滥,6
珝,6
陪,6
蚕,6
浸,6
薨,6
冰,6
幅,6
翠,6
伎,6
谤,6
电,6
沥,6
苑,6
逍,6
姬,6
靳,6
崖,6
洱,6
局,6
寅,6
夙,6
曼,6
锄,6
谶,6
恂,6
腿,6
浚,5
锹,5
餐,5
攘,5
拭,5
逾,5
廪,5
鞒,5
驽,5
砂,5
疥,5
伉,5
霹,5
徊,5
扁,5
颓,5
判,5
拯,5
考,5
稿,5
忒,5
墩,5
屦,5
麒,5
惮,5
磾,5
艘,5
虫,5
湘,5
沃,5
赘,5
篷,5
亚,5
1,5
陕,5
纣,5
舰,5
剐,5
伙,5
瓮,5
琐,5
鍪,5
迭,5
鄢,5
隽,5
脊,5
毙,5
穰,5
戳,5
鳌,5
昆,5
巷,5
咒,5
衅,5
诘,5
叨,5
徵,5
鲈,5
注,5
翟,5
鲸,5
鳞,5
篱,5
捶,5
锅,5
滩,5
孰,5
藩,5
窟,5
娴,5
忝,5
眭,5
璧,5
销,5
脸,5
吁,5
源,5
膏,5
昶,5
毓,5
恺,5
货,5
蟠,5
灰,5
针,5
猜,5
颖,5
雳,5
鼙,5
抑,5
衢,5
禾,5
霜,5
秃,5
跋,5
晒,5
飨,5
诤,5
笮,5
奥,5
讹,5
泌,5
砚,5
吝,5
繁,5
橹,5
缟,4
/,4
酸,4
滴,4
铸,4
孽,4
甸,4
坤,4
辜,4
胖,4
脂,4
贻,4
秽,4
廨,4
乳,4
寔,4
Y,4
鸾,4
搅,4
-,4
瓶,4
牡,4
顽,4
虬,4
轲,4
觞,4
痒,4
纽,4
烹,4
覈,4
拚,4
皋,4
绛,4
髓,4
燥,4
=,4
巽,4
４,4
俘,4
眠,4
拙,4
蒂,4
脯,4
浇,4
愆,4
谘,4
皿,4
藉,4
p,4
港,4
镌,4
仅,4
宕,4
衬,4
厦,4
G,4
毖,4
扛,4
捱,4
獗,4
甬,4
骡,4
筋,4
泾,4
谀,4
希,4
碣,4
珩,4
嚼,4
怅,4
曜,4
脏,4
育,4
森,4
鸠,4
扈,4
t,4
膊,4
什,4
盐,4
艳,4
赧,4
厨,4
蒲,4
淋,4
勾,4
查,4
煨,4
贩,4
侥,4
科,4
戍,4
斐,4
翅,4
擎,4
惕,4
凑,4
萤,4
蠡,4
眙,4
哄,4
袒,4
鞘,4
缙,4
娱,4
硝,4
呀,4
梨,4
鳅,4
徇,4
疫,4
怿,4
描,4
硫,4
馈,4
邯,4
谧,4
态,4
殓,4
株,4
滑,4
鳝,4
渺,4
吼,4
堵,4
酷,4
桀,4
寂,4
询,4
绅,4
庚,4
淑,4
X,4
隳,4
浦,4
秭,4
炜,4
钝,4
髀,4
聋,4
馗,4
簏,4
楫,4
徘,4
殡,4
慧,4
绮,4
娄,4
肓,4
穹,4
纬,4
槎,4
犊,4
姐,4
藐,4
郸,4
矜,4
酥,4
觥,4
匝,4
鈚,4
撼,4
狈,4
瓜,4
帖,4
缎,4
甜,4
赌,4
晦,4
盱,4
庖,4
嗜,4
饯,4
袛,3
偿,3
括,3
凋,3
构,3
肖,3
倡,3
惆,3
踵,3
塑,3
泞,3
拗,3
咏,3
稻,3
球,3
殛,3
禧,3
窦,3
芬,3
碗,3
腮,3
镶,3
岐,3
邸,3
跸,3
孕,3
杭,3
悯,3
渲,3
偎,3
谱,3
璆,3
畋,3
靶,3
奕,3
蓬,3
鹦,3
秬,3
俸,3
佛,3
遐,3
殂,3
溟,3
帏,3
吓,3
挝,3
芜,3
瞪,3
[,3
闾,3
匪,3
窍,3
膛,3
,3
炳,3
悖,3
溯,3
遑,3
忤,3
函,3
翎,3
貅,3
豚,3
嫡,3
倏,3
诀,3
蓍,3
胶,3
荛,3
],3
储,3
厕,3
3,3
洁,3
铭,3
荧,3
C,3
呻,3
瘁,3
宏,3
冓,3
乂,3
舵,3
蝇,3
鞠,3
嵋,3
蝎,3
爨,3
腊,3
捞,3
敲,3
椅,3
袄,3
凄,3
愍,3
狩,3
掖,3
5,3
棚,3
悴,3
缩,3
阄,3
弊,3
炬,3
讽,3
晤,3
摸,3
撸,3
捍,3
,3
酉,3
隅,3
阅,3
讼,3
觐,3
亢,3
梧,3
薰,3
格,3
肌,3
孱,3
俾,3
墀,3
挠,3
鈇,3
亩,3
耍,3
漓,3
笛,3
肢,3
栽,3
鹉,3
绞,3
羁,3
獠,3
壳,3
署,3
奁,3
醮,3
钁,3
斋,3
邙,3
挖,3
燃,3
,3
,3
沦,3
镫,3
缆,3
纛,3
孑,3
蒺,3
课,3
龛,3
纱,3
沽,3
胥,3
颊,3
渑,3
擢,3
钳,3
滏,3
剜,3
絮,3
┖,3
涎,3
蒸,3
,3
阊,3
帚,3
臻,3
蔓,3
痈,3
缀,3
缮,3
巅,3
悼,3
囷,3
圈,3
喟,3
帮,3
捻,3
链,3
恽,3
圭,3
斑,3
讥,3
憩,3
塘,3
淡,3
叵,3
价,3
胞,3
昧,3
乖,3
薤,3
稚,3
黜,3
旻,3
弗,3
骚,3
,3
鬯,3
伷,3
岗,3
苛,3
笙,3
戾,3
,3
站,3
峭,3
憔,3
馑,2
予,2
葆,2
吸,2
稼,2
戌,2
虢,2
,2
萃,2
嘏,2
睬,2
颐,2
俎,2
鄠,2
亵,2
玷,2
逶,2
羿,2
赈,2
谑,2
蜺,2
娼,2
膀,2
霏,2
恁,2
,2
删,2
睚,2
罹,2
髻,2
惫,2
昃,2
劬,2
胎,2
狠,2
癣,2
粕,2
蜘,2
噎,2
蛙,2
玻,2
狡,2
躔,2
嚎,2
樱,2
嗤,2
,2
恒,2
搀,2
莅,2
舄,2
２,2
崦,2
烝,2
嚷,2
髡,2
胃,2
冶,2
矍,2
陌,2
牲,2
汰,2
淯,2
谛,2
猥,2
淆,2
旎,2
妓,2
醣,2
斫,2
砾,2
Ｎ,2
跛,2
票,2
噀,2
缧,2
讴,2
碾,2
绒,2
郏,2
漆,2
冥,2
距,2
尼,2
煺,2
颔,2
跄,2
濦,2
靡,2
,2
瞋,2
轰,2
诳,2
馔,2
娩,2
卣,2
嶲,2
迅,2
辍,2
犀,2
惰,2
揲,2
怆,2
螟,2
阪,2
黥,2
,2
赃,2
痢,2
淘,2
恚,2
眺,2
,2
搴,2
羹,2
痕,2
泯,2
h,2
灼,2
眩,2
啕,2
谚,2
纹,2
酹,2
蛉,2
睨,2
缣,2
舱,2
羸,2
蹙,2
杳,2
,2
芟,2
唱,2
隧,2
笺,2
遨,2
楮,2
肚,2
迂,2
旆,2
畜,2
恳,2
裘,2
眨,2
赀,2
裙,2
呦,2
衮,2
娥,2
Ｗ,2
鳖,2
菪,2
滂,2
,2
寤,2
旰,2
阐,2
疽,2
猾,2
蛛,2
迩,2
岌,2
恬,2
夥,2
弛,2
骥,2
赭,2
慵,2
,2
纡,2
馒,2
阑,2
馁,2
黍,2
炫,2
堰,2
桐,2
豨,2
篆,2
眇,2
缴,2
牂,2
哙,2
洲,2
a,2
哮,2
,2
斥,2
箱,2
箪,2
枹,2
蠹,2
瓯,2
汁,2
阃,2
麈,2
脍,2
貔,2
亨,2
乙,2
拊,2
壎,2
瑯,2
窠,2
浔,2
嘤,2
翳,2
葺,2
锯,2
撺,2
,2
衽,2
腔,2
霆,2
噬,2
黩,2
烘,2
挤,2
踉,2
侈,2
锵,2
歔,2
剧,2
妥,2
撚,2
驷,2
嵛,2
筮,2
裾,2
熬,2
墟,2
沧,2
翱,2
牁,2
嬉,2
匙,2
肤,2
蕲,2
芸,2
贽,2
勘,2
寞,2
俦,2
┌,2
阖,2
胯,2
滞,2
芽,2
镬,2
够,2
挣,2
垦,2
翰,2
膑,2
煽,2
础,2
韵,2
豸,2
洽,2
潺,2
揽,2
猝,2
订,2
玲,2
斡,2
腕,2
踅,2
撩,2
抽,2
扒,2
峙,2
爰,2
眸,2
耑,2
欷,2
煎,2
弯,2
闵,2
|,2
咴,2
榆,2
瑟,2
澄,2
壬,2
苒,2
搪,2
亹,2
汪,2
棍,2
癞,2
虾,2
悒,2
矴,2
昴,2
釜,2
嵯,2
臼,2
缠,2
蔑,2
痪,2
霁,2
憾,2
瑛,2
燎,2
牟,2
刊,2
鬃,2
丸,2
蝼,2
咆,2
馘,2
溢,2
捆,2
珑,2
擦,2
馨,2
璇,2
佻,2
攒,2
,2
编,2
朦,2
肿,2
篙,2
胧,2
陨,2
哺,2
窘,2
隰,2
邴,2
齁,2
旒,2
姚,2
颅,2
垛,2
讣,2
贰,2
挨,2
趷,2
壅,2
奄,2
撒,2
阱,2
於,2
胪,2
哲,2
,1
⑸,1
亟,1
肫,1
旙,1
爻,1
驼,1
,1
匍,1
沌,1
爷,1
漯,1
胀,1
,1
跞,1
铮,1
抟,1
轵,1
愀,1
,1
硗,1
醋,1
犍,1
缔,1
榛,1
键,1
,1
ァ,1
箧,1
沆,1
茬,1
蹊,1
祐,1
V,1
鹪,1
,1
帕,1
渝,1
,1
菲,1
骝,1
賨,1
弧,1
媚,1
闸,1
沅,1
戆,1
,1
谴,1
蜈,1
殴,1
坎,1
煳,1
裒,1
兢,1
翩,1
癸,1
撄,1
叭,1
疟,1
捏,1
,1
槲,1
闺,1
肀,1
蒜,1
涟,1
咥,1
愬,1
蓦,1
缸,1
衲,1
雹,1
５,1
饼,1
枘,1
,1
徨,1
嘹,1
鬻,1
晙,1
觜,1
仞,1
郢,1
鹩,1
捎,1
稔,1
轘,1
盍,1
吠,1
煜,1
谰,1
梳,1
抒,1
酎,1
敖,1
荚,1
楞,1
丐,1
秩,1
灸,1
螂,1
肘,1
溜,1
瀣,1
诊,1
嫔,1
,1
菽,1
沱,1
棉,1
坌,1
,1
靬,1
觳,1
牺,1
萁,1
栉,1
阍,1
匏,1
騕,1
疠,1
鄣,1
缵,1
刽,1
徼,1
屑,1
,1
幄,1
蹐,1
勺,1
殉,1
涝,1
瘠,1
锢,1
鲧,1
徂,1
酰,1
塔,1
鼕,1
绻,1
,1
液,1
旂,1
汇,1
歉,1
绎,1
烤,1
螳,1
呷,1
瑕,1
幻,1
,1
搂,1
犭,1
栊,1
庑,1
鼐,1
吮,1
琢,1
,1
枫,1
蔬,1
淇,1
,1
,1
嫩,1
蜉,1
鬓,1
剂,1
阡,1
垠,1
倥,1
岜,1
饷,1
狎,1
疢,1
荻,1
Ｑ,1
尪,1
骷,1
磋,1
渌,1
,1
,1
,1
躄,1
獬,1
樗,1
缕,1
蠫,1
莲,1
逻,1
,1
呓,1
揎,1
铨,1
韪,1
杵,1
饕,1
昊,1
划,1
溆,1
朴,1
粹,1
雠,1
嗓,1
牒,1
馀,1
哩,1
觫,1
蘼,1
矿,1
藁,1
喨,1
,1
嬷,1
逡,1
矶,1
汙,1
,1
剽,1
砌,1
尤,1
匦,1
璿,1
霾,1
蹦,1
,1
狻,1
殖,1
亘,1
杲,1
峤,1
,1
鞫,1
匐,1
,1
笠,1
粥,1
崤,1
枳,1
勑,1
獐,1
镔,1
陀,1
僦,1
盩,1
,1
盾,1
喔,1
慄,1
唿,1
絏,1
罐,1
轿,1
濛,1
宥,1
砸,1
汀,1
帷,1
铀,1
剔,1
囧,1
啦,1
蹬,1
酾,1
愉,1
甑,1
咐,1
渗,1
殚,1
蔚,1
樯,1
撰,1
茵,1
鸷,1
吻,1
诫,1
跖,1
汶,1
孥,1
戊,1
怬,1
傩,1
讯,1
喻,1
掬,1
幢,1
韧,1
剪,1
粒,1
烨,1
厔,1
莘,1
邾,1
豁,1
I,1
跶,1
赫,1
彷,1
秸,1
掉,1
麋,1
煊,1
眦,1
鲲,1
岷,1
Ｖ,1
衄,1
粱,1
竣,1
祯,1
祺,1
辖,1
购,1
肴,1
杉,1
踢,1
壤,1
湫,1
惴,1
纭,1
税,1
膂,1
１,1
,1
,1
笸,1
,1
拉,1
绘,1
蓝,1
啜,1
蛱,1
腴,1
哽,1
〕,1
,1
砥,1
侪,1
碜,1
枰,1
劾,1
扉,1
偕,1
楯,1
跼,1
磺,1
闼,1
璃,1
鞅,1
娜,1
紞,1
醢,1
芷,1
,1
娇,1
确,1
Ｕ,1
螺,1
趾,1
苌,1
獭,1
刂,1
芍,1
褐,1
龟,1
愠,1
戢,1
碱,1
蒹,1
,1
渍,1
懋,1
,1
歼,1
湄,1
焫,1
魇,1
P,1
皈,1
⑹,1
亓,1
蘸,1
蔺,1
酂,1
嵊,1
糟,1
偬,1
搏,1
逗,1
抠,1
,1
鸳,1
殪,1
7,1
椽,1
ｉ,1
桧,1
裼,1
悍,1
冗,1
刖,1
抡,1
,1
谪,1
鲵,1
彘,1
氛,1
迓,1
瑚,1
,1
莒,1
刁,1
邂,1
,1
盲,1
豕,1
酗,1
勖,1
筛,1
澜,1
蝣,1
俨,1
畯,1
桨,1
庇,1
岛,1
莞,1
□,1
咫,1
耸,1
洹,1
,1
菥,1
曷,1
憎,1
讪,1
蟊,1
慑,1
⑺,1
莩,1
匄,1
墉,1
浙,1
＜,1
逮,1
嬴,1
匮,1
矗,1
弇,1
茏,1
徜,1
酱,1
瞬,1
9,1
盂,1
荏,1
,1
槁,1
桩,1
卯,1
绲,1
沪,1
逄,1
钗,1
奚,1
耆,1
舸,1
搔,1
,1
,1
黛,1
餮,1
郯,1
蝶,1
菹,1
骈,1
锭,1
蹉,1
沼,1
腥,1
噫,1
叮,1
,1
衿,1
簧,1
⒍,1
粝,1
垫,1
钭,1
缰,1
癖,1
租,1
揣,1
苹,1
髭,1
庾,1
浼,1
逅,1
厘,1
笳,1
婉,1
蹑,1
悃,1
坊,1
懑,1
衠,1
拧,1
黯,1
扼,1
嬖,1
濯,1
鸭,1
跎,1
穗,1
陟,1
捽,1
拼,1
虿,1
辏,1
脐,1
┨,1
,1
邱,1
桔,1
罄,1
翘,1
璩,1
狝,1
域,1
靴,1
喈,1
炯,1
扳,1
Ｏ,1
∽,1
忄,1
诌,1
牝,1
驭,1
,1
蚓,1
霞,1
,1
蒿,1
蜾,1
篁,1
啊,1
,1
摔,1
,1
髫,1
隈,1
苯,1
鹅,1
迄,1
茨,1
蠢,1
霰,1
瞳,1
钵,1
雉,1
饬,1
鞦,1
嗨,1
焙,1
骖,1
帙,1
袢,1
闇,1
＝,1
,1
疴,1
硪,1
垢,1
套,1
佣,1
跤,1
唆,1
猊,1
咛,1
,1
岫,1
徭,1
核,1
控,1
,1
,1
潢,1
鬅,1
枒,1
茕,1
缭,1
蕴,1
魅,1
廛,1
鹗,1
,1
赡,1
迢,1
驯,1
釿,1
骅,1
笄,1
栎,1
,1
茔,1
欤,1
荩,1
髅,1
飙,1
雝,1
,1
彬,1
镰,1
凳,1
寮,1
宄,1
洋,1
荫,1
戕,1
峰,1
慓,1
嘴,1
畛,1
噤,1
鹭,1
刈,1
抓,1
廒,1
拓,1
绫,1
矩,1
诹,1
褥,1
袤,1
镝,1
裤,1
捩,1
朐,1
Γ,1
丶,1
绁,1
症,1
颌,1
铝,1
豢,1
溽,1
驮,1
僵,1
蹶,1
椒,1
币,1
谍,1
析,1
侠,1
譔,1
肪,1
瞰,1
醴,1
懔,1
,1
苴,1
